Name,Image,Price,PhanLoai,Quan jogger,Quan jean,Quan au,Ao thun nam,Ao khoac,Ao so mi,Ao hoodie
ÁO THUN U1ATN11102FOSHT,https://storage.googleapis.com/cdn.nhanh.vn/store/7136/ps/20211118/18112021051126_dai_dien_nam_thumb.jpg, 285000₫,0,0,0,0,1,0,0,0
ÁO THUN U1ATN12107FOSBA,https://storage.googleapis.com/cdn.nhanh.vn/store/7136/ps/20211230/30122021121223_ao_thun_nam_U1ATN12107FOSBA_toto_shop_thumb.jpg, 285000₫,0,0,0,0,1,0,0,0
ÁO THUN U1ATN12106FOSBA,https://storage.googleapis.com/cdn.nhanh.vn/store/7136/ps/20211230/30122021111235_ao_thun_U1ATN12106FOSBA_toto_shop__1__thumb.jpg, 285000₫,0,0,0,0,1,0,0,0
QUẦN JEAN M1QJN12107FSFRI,https://storage.googleapis.com/cdn.nhanh.vn/store/7136/ps/20220104/04012022040111_quan_jean_nam_M1QJN12107FSFRI_toto_shop__1__thumb.jpg, 385000₫,1,0,1,0,0,0,0,0
QUẦN JEAN M1QJN12106BSFTR,https://storage.googleapis.com/cdn.nhanh.vn/store/7136/ps/20211229/29122021091233_quan_jean_nam_M1QJN12106BSFTR_toto_shop__1__thumb.jpg, 385000₫,1,0,1,0,0,0,0,0
ÁO THUN U1ATN12105FOSHT,https://storage.googleapis.com/cdn.nhanh.vn/store/7136/ps/20211229/29122021091200_ao_thun_nam_U1ATN12105FOSHT_toto_shop__1__thumb.jpg, 320000₫,0,0,0,0,1,0,0,0
ÁO THUN U1ATN12104FOSBA,https://storage.googleapis.com/cdn.nhanh.vn/store/7136/ps/20220104/04012022040102_ao_thun_nam_U1ATN12104FOSBA_toto_shop__1__thumb.jpg, 285000₫,0,0,0,0,1,0,0,0
QUẦN JOGGER M1QJK12105FBGCR,https://storage.googleapis.com/cdn.nhanh.vn/store/7136/ps/20211230/30122021121244_quan_jogger_M1QJK12105FBGCR_toto_shop__1__thumb.jpg, 315000₫,1,1,0,0,0,0,0,0
QUẦN JOGGER M1QJK12104FBGCR,https://storage.googleapis.com/cdn.nhanh.vn/store/7136/ps/20211230/30122021121206_quan_jogger_M1QJK12104FBGCR_toto_shop__1__thumb.jpg, 315000₫,1,1,0,0,0,0,0,0
QUẦN JOGGER M1QJK12103FBGCR,https://storage.googleapis.com/cdn.nhanh.vn/store/7136/ps/20211230/30122021121206_quan_jogger_M1QJK12103FBGCR_toto_shop__1__thumb.jpg, 315000₫,1,1,0,0,0,0,0,0
QUẦN JOGGER M1QJK12102FBGCR,https://storage.googleapis.com/cdn.nhanh.vn/store/7136/ps/20211230/30122021121240_quan_jogger_nam_M1QJK12102FBGCR_toto_shop__1__thumb.jpg, 315000₫,1,1,0,0,0,0,0,0
QUẦN JOGGER M1QJK12101FBGCR,https://storage.googleapis.com/cdn.nhanh.vn/store/7136/ps/20211230/30122021121242_quan_joggger_nam_M1QJK12101FBGCR_toto_shop__1__thumb.jpg, 315000₫,1,1,0,0,0,0,0,0
ÁO THUN U1ATN12103FOSBA,https://storage.googleapis.com/cdn.nhanh.vn/store/7136/ps/20220104/04012022040152_ao_thun_nam_U1ATN12103FOSBA_toto_shop__1__thumb.jpg, 265000₫,0,0,0,0,1,0,0,0
QUẦN JEAN M1QJN12105FSFRI,https://storage.googleapis.com/cdn.nhanh.vn/store/7136/ps/20211227/27122021071241_quan_jean_nam_M1QJN12105FSFRI_toto_shop__1__thumb.jpg, 415000₫,1,0,1,0,0,0,0,0
QUẦN JEAN M1QJN12104FSFRI,https://storage.googleapis.com/cdn.nhanh.vn/store/7136/ps/20211227/27122021051249_quan_jean_nam_M1QJN12104FSFRI_toto_shop__1__thumb.jpg, 415000₫,1,0,1,0,0,0,0,0
QUẦN JOGGER M1QJJ12101FSFTR,https://storage.googleapis.com/cdn.nhanh.vn/store/7136/ps/20211208/08122021071258_quan_jogger_nam_M1QJJ12101FSFTR_toto_shop__1__thumb.jpg, 420000₫,1,1,0,0,0,0,0,0
ÁO SƠMI M1SMD12101BOSTR,https://storage.googleapis.com/cdn.nhanh.vn/store/7136/ps/20211217/17122021091244_ao_so_mi_nam_M1SMD12101BOSTR_toto_shop__1__thumb.jpg, 285000₫,0,0,0,0,0,0,1,0
ÁO THUN U1ATN12102SOSHT,https://storage.googleapis.com/cdn.nhanh.vn/store/7136/ps/20211208/08122021071253_ao_thun_nam_U1ATN12102SOSHT_toto_shop__1__thumb.jpg, 285000₫,0,0,0,0,1,0,0,0
ÁO THUN U1ATN12101FOSHT,https://storage.googleapis.com/cdn.nhanh.vn/store/7136/ps/20211208/08122021071218_ao_thun_nam_U1ATN12101FOSHT_toto_shop__1__thumb.jpg, 285000₫,0,0,0,0,1,0,0,0
QUẦN JEAN M1QJN12103SSFRI,https://storage.googleapis.com/cdn.nhanh.vn/store/7136/ps/20211208/08122021071222_quan_jean_nam_M1QJN12103SSFRI_toto_shop__1__thumb.jpg, 425000₫,1,0,1,0,0,0,0,0
QUẦN JEAN M1QJN12102FSFRI,https://storage.googleapis.com/cdn.nhanh.vn/store/7136/ps/20211208/08122021081210_quan_jean_nam_M1QJN12102FSFRI_toto_shop__1__thumb.jpg, 395000₫,1,0,1,0,0,0,0,0
QUẦN JEAN M1QJN12101BSFTR,https://storage.googleapis.com/cdn.nhanh.vn/store/7136/ps/20211208/08122021081227_quan_jean_nam_M1QJN12101BSFTR_toto_shop__1__thumb.jpg, 395000₫,1,0,1,0,0,0,0,0
ÁO SƠMI M1SMN11106FOSHT,https://storage.googleapis.com/cdn.nhanh.vn/store/7136/ps/20211124/24112021081110_ao_so_mi_nam_M1SMN11106FOSHT_toto_shop__1__thumb.jpg, 285000₫,0,0,0,0,0,0,1,0
ÁO SƠMI M1SMN11105FOSHT,https://storage.googleapis.com/cdn.nhanh.vn/store/7136/ps/20211125/25112021071119_ao_so_mi_nam_M1SMN11105FOSHT_toto_shop__1__thumb.jpg, 285000₫,0,0,0,0,0,0,1,0
ÁO SƠMI M1SMN11104FOSHT,https://storage.googleapis.com/cdn.nhanh.vn/store/7136/ps/20211125/25112021071131_ao_so_mi_M1SMN11104FOSHT_toto_shop__1__thumb.jpg, 285000₫,0,0,0,0,0,0,1,0
ÁO SƠMI M1SMN11103FOSHT,https://storage.googleapis.com/cdn.nhanh.vn/store/7136/ps/20211125/25112021061105_ao_so_mi_nam_M1SMN11103FOSHT_toto_shop__1__thumb.jpg, 285000₫,0,0,0,0,0,0,1,0
ÁO SƠMI M1SMN11102FOSHT,https://storage.googleapis.com/cdn.nhanh.vn/store/7136/ps/20211124/24112021081154_ao_so_mi_nam_M1SMN11102FOSHT_toto_shop__1__thumb.jpg, 285000₫,0,0,0,0,0,0,1,0
QUẦN TÂY M1QTY11111BSFTR,https://storage.googleapis.com/cdn.nhanh.vn/store/7136/ps/20211125/25112021051159_quan_tay_nam_M1QTY11111BSFTR_toto_shop__1__thumb.jpg, 385000₫,1,0,0,1,0,0,0,0
QUẦN TÂY M1QTY11110BSFTR,https://storage.googleapis.com/cdn.nhanh.vn/store/7136/ps/20211125/25112021051140_quan_tay_nam_M1QTY11110BSFTR_toto_shop__1__thumb.jpg, 385000₫,1,0,0,1,0,0,0,0
QUẦN TÂY M1QTY11109BSFTR,https://storage.googleapis.com/cdn.nhanh.vn/store/7136/ps/20211125/25112021051126_quan_tay_nam_M1QTY11109BSFTR_toto_shop__1__thumb.jpg, 385000₫,1,0,0,1,0,0,0,0
QUẦN TÂY M1QTY11108BSFTR,https://storage.googleapis.com/cdn.nhanh.vn/store/7136/ps/20211125/25112021051148_quan_tay_nam_M1QTY11107BSFTR_toto_shop__1__thumb.jpg, 385000₫,1,0,0,1,0,0,0,0
QUẦN TÂY M1QTY11107BSFTR,https://storage.googleapis.com/cdn.nhanh.vn/store/7136/ps/20211125/25112021051108_quan_tay_nam_M1QTY11107BSFTR_toto_shop__1__thumb.jpg, 385000₫,1,0,0,1,0,0,0,0
QUẦN TÂY M1QTY11106BSFTR,https://storage.googleapis.com/cdn.nhanh.vn/store/7136/ps/20211125/25112021061105_quan_tay_nam_M1QTY11106BSFTR_toto_shop__1__thumb.jpg, 385000₫,1,0,0,1,0,0,0,0
QUẦN TÂY M1QTY11104BSFTR,https://storage.googleapis.com/cdn.nhanh.vn/store/7136/ps/20211221/21122021121240_quan_tay_nam_M1QTY11104BSFTR_toto_shop__1__thumb.jpg, 365000₫,1,0,0,1,0,0,0,0
QUẦN TÂY M1QTY11103BSFTR,https://storage.googleapis.com/cdn.nhanh.vn/store/7136/ps/20211125/25112021051105_quan_tay_nam_M1QTY11103BSFTR_toto_shop__1__thumb.jpg, 365000₫,1,0,0,1,0,0,0,0
QUẦN TÂY M1QTY11102BSFTR,https://storage.googleapis.com/cdn.nhanh.vn/store/7136/ps/20211125/25112021051152_quan_tay_nam_M1QTY11102BSFTR_toto_shop__1__thumb.jpg, 365000₫,1,0,0,1,0,0,0,0
ÁO THUN U1ATN11104SOSHT,https://storage.googleapis.com/cdn.nhanh.vn/store/7136/ps/20211119/19112021051111_ao_thun_U1ATN11104SOSHT_toto_shop__1__thumb.jpg, 265000₫,0,0,0,0,1,0,0,0
ÁO THUN U1ATN11103FOSBA,https://storage.googleapis.com/cdn.nhanh.vn/store/7136/ps/20211125/25112021081153_ao_thun_nam_U1ATN11103FOSBA_toto_shop__1__thumb.jpg, 265000₫,0,0,0,0,1,0,0,0
ÁO SƠMI M1SMD11103BOSTR,https://storage.googleapis.com/cdn.nhanh.vn/store/7136/ps/20211125/25112021071110_ao_so_mi_nam_M1SMD11103BOSTR_toto_shop__1__thumb.jpg, 285000₫,0,0,0,0,0,0,1,0
ÁO SƠMI M1SMD11102BOSTR,https://storage.googleapis.com/cdn.nhanh.vn/store/7136/ps/20211125/25112021071140_ao_so_mi_nam_M1SMD11102BOSTR_toto_shop__1__thumb.jpg, 285000₫,0,0,0,0,0,0,1,0
ÁO THUN U1ATN11101FOSHT,https://storage.googleapis.com/cdn.nhanh.vn/store/7136/ps/20211105/05112021081144_1000_x_1500__Dai_dien_169_thumb.jpg, 265000₫,0,0,0,0,1,0,0,0
QUẦN TÂY M1QTY11101BSFTR,https://storage.googleapis.com/cdn.nhanh.vn/store/7136/ps/20211125/25112021071137_quan_tay_nam_M1QTY11101BSFTR_toto_shop__1__thumb.jpg, 345000₫,1,0,0,1,0,0,0,0
QUẦN KAKI M1QKK11101BSFTR,https://storage.googleapis.com/cdn.nhanh.vn/store/7136/ps/20211125/25112021071159_quan_ka_ki_nam_M1QKK11101BSFTR_toto_shop__1__thumb.jpg, 325000₫,1,0,0,0,0,0,0,0
ÁO SƠMI M1SMN11101BOSBA,https://storage.googleapis.com/cdn.nhanh.vn/store/7136/ps/20211125/25112021081156_ao_so_mi_nam_M1SMN11101BOSBA_toto_shop__1__thumb.jpg, 285000₫,0,0,0,0,0,0,1,0
ÁO SƠMI M1SMD11101BOSBA,https://storage.googleapis.com/cdn.nhanh.vn/store/7136/ps/20211122/22112021051135_ao_somi_M1SMD11101BOSBA_toto_shop__1__thumb.jpg, 315000₫,0,0,0,0,0,0,1,0
QUẦN SHORT M1SJN11101FSFRI,https://storage.googleapis.com/cdn.nhanh.vn/store/7136/ps/20211215/15122021121258_quan_short_nam_M1SJN11101FSFRI_toto_shop__1__thumb.jpg, 315000₫,1,0,0,0,0,0,0,0
QUẦN JEAN M1QJN11104BSFTR,https://storage.googleapis.com/cdn.nhanh.vn/store/7136/ps/20211125/25112021071143_quan_jean_nam_M1QJN11104BSFTR_toto_shop__1__thumb.jpg, 395000₫,1,0,1,0,0,0,0,0
QUẦN JEAN M1QJN11103FSFRI,https://storage.googleapis.com/cdn.nhanh.vn/store/7136/ps/20211125/25112021081140_quan_jean_nam_M1QJN11103FSFRI_toto_shop__1__thumb.jpg, 425000₫,1,0,1,0,0,0,0,0
QUẦN JEAN M1QJN11102BSFRI,https://storage.googleapis.com/cdn.nhanh.vn/store/7136/ps/20211125/25112021071112_quan_jean_nam_M1QJN11102BSFRI_toto_shop__1__thumb.jpg, 415000₫,1,0,1,0,0,0,0,0
QUẦN JEAN M1QJN11101FSFRI,https://storage.googleapis.com/cdn.nhanh.vn/store/7136/ps/20211124/24112021081131_quan_jean_nam_M1QJN11101FSFRI_toto_shop__1__thumb.jpg, 415000₫,1,0,1,0,0,0,0,0
QUẦN SHORT M1SKK1061002,https://storage.googleapis.com/cdn.nhanh.vn/store/7136/ps/20211105/05112021051126_1000_x_1500__Dai_dien_thumb.jpg, 265000₫,1,0,0,0,0,0,0,0
ÁO THUN U1ATN2061002,https://storage.googleapis.com/cdn.nhanh.vn/store/7136/ps/20211105/05112021051136_1000_x_1500__Dai_dien_0_thumb.jpg, 265000₫,0,0,0,0,1,0,0,0
ÁO SOMI M1SMD2061002,https://storage.googleapis.com/cdn.nhanh.vn/store/7136/ps/20211105/05112021081139_1000_x_1500__Dai_dien_thumb.jpg, 285000₫,0,0,0,0,0,0,1,0
QUẦN SHORT M1SKK1061001,https://storage.googleapis.com/cdn.nhanh.vn/store/7136/ps/20211105/05112021081125_1000_x_1500__Dai_dien_thumb.jpg, 285000₫,1,0,0,0,0,0,0,0
QUẦN SHORT M1SQT1061001,https://storage.googleapis.com/cdn.nhanh.vn/store/7136/ps/20211105/05112021051140_1000_x_1500__Dai_dien_0_thumb.jpg, 265000₫,1,0,0,0,0,0,0,0
ÁO SOMI M1SMD1061001,https://storage.googleapis.com/cdn.nhanh.vn/store/7136/ps/20211105/05112021051119_1000_x_1500__Dai_dien_0_thumb.jpg, 285000₫,0,0,0,0,0,0,1,0
ÁO THUN U1ATN2061001,https://storage.googleapis.com/cdn.nhanh.vn/store/7136/ps/20211105/05112021081151_1000_x_1500__Dai_dien_thumb.jpg, 265000₫,0,0,0,0,1,0,0,0
ÁO SOMI M1SMD1051003,https://storage.googleapis.com/cdn.nhanh.vn/store/7136/ps/20210618/18062021030640_1000_x_1500__Dai_dien_thumb.jpg, 285000₫,0,0,0,0,0,0,1,0
ÁO POLO M2ATP2051004,https://storage.googleapis.com/cdn.nhanh.vn/store/7136/ps/20210527/27052021070512_1000_x_1500__Dai_dien.jpg, 295000₫,0,0,0,0,1,0,0,0
ÁO POLO M2ATP2051003,https://storage.googleapis.com/cdn.nhanh.vn/store/7136/ps/20210618/18062021030625_1000_x_1500__Dai_dien_thumb.jpg, 295000₫,0,0,0,0,1,0,0,0
ÁO POLO M2ATP2051002,https://storage.googleapis.com/cdn.nhanh.vn/store/7136/ps/20210527/27052021060520_1000_x_1500__Dai_dien.jpg, 295000₫,0,0,0,0,1,0,0,0
ÁO POLO M2ATP2051001,https://storage.googleapis.com/cdn.nhanh.vn/store/7136/ps/20210527/27052021070509_1000_x_1500__Dai_dien.jpg, 295000₫,0,0,0,0,1,0,0,0
ÁO SOMI M2SMN3051007,https://storage.googleapis.com/cdn.nhanh.vn/store/7136/ps/20210513/13052021040523_Dai_dien.jpg, 285000₫,0,0,0,0,0,0,1,0
QUẦN SHORT M1SJN2051002,https://storage.googleapis.com/cdn.nhanh.vn/store/7136/ps/20210514/14052021030525_dai_dien.jpg, 236250₫,1,0,0,0,0,0,0,0
ÁO SOMI M1SMN3051002,https://storage.googleapis.com/cdn.nhanh.vn/store/7136/ps/20210514/14052021100541_Dai_dien.jpg, 285000₫,0,0,0,0,0,0,1,0
ÁO SOMI M1SMN3051001,https://storage.googleapis.com/cdn.nhanh.vn/store/7136/ps/20210513/13052021040559_Dai_dien.jpg, 285000₫,0,0,0,0,0,0,1,0
ÁO SOMI M1SMD1051002,https://storage.googleapis.com/cdn.nhanh.vn/store/7136/ps/20210514/14052021030547_dai_dien.jpg, 285000₫,0,0,0,0,0,0,1,0
ÁO THUN U1ATN2051002,https://storage.googleapis.com/cdn.nhanh.vn/store/7136/ps/20210513/13052021040507_Dai_dien.jpg, 265000₫,0,0,0,0,1,0,0,0
QUẦN JOGGER M1QJJ1051001,https://storage.googleapis.com/cdn.nhanh.vn/store/7136/ps/20210514/14052021030554_dai_dien.jpg, 415000₫,1,1,0,0,0,0,0,0
ÁO THUN U1ATN2051001,https://storage.googleapis.com/cdn.nhanh.vn/store/7136/ps/20210513/13052021030543_Dai_dien.jpg, 265000₫,0,0,0,0,1,0,0,0
ÁO THUN M1ATB4051001,https://storage.googleapis.com/cdn.nhanh.vn/store/7136/ps/20210514/14052021030527_dai_dien.jpg, 185000₫,0,0,0,0,1,0,0,0
ÁO SOMI M1SMD1051001,https://storage.googleapis.com/cdn.nhanh.vn/store/7136/ps/20210514/14052021030545_dai_dien.jpg, 285000₫,0,0,0,0,0,0,1,0
ÁO SOMI M2SMN3051006,https://storage.googleapis.com/cdn.nhanh.vn/store/7136/ps/20210514/14052021030549_dai_dien.jpg, 285000₫,0,0,0,0,0,0,1,0
ÁO SOMI M2SMN3051005,https://storage.googleapis.com/cdn.nhanh.vn/store/7136/ps/20210514/14052021030512_dai_dien.jpg, 285000₫,0,0,0,0,0,0,1,0
ÁO SOMI M2SMN3051004,https://storage.googleapis.com/cdn.nhanh.vn/store/7136/ps/20210514/14052021020549_Dai_dien.jpg, 285000₫,0,0,0,0,0,0,1,0
ÁO SOMI M2SMN3051003,https://storage.googleapis.com/cdn.nhanh.vn/store/7136/ps/20210514/14052021020533_dai_dien.jpg, 285000₫,0,0,0,0,0,0,1,0
ÁO SOMI M2SMN3051002,https://storage.googleapis.com/cdn.nhanh.vn/store/7136/ps/20210514/14052021030538_dai_dien.jpg, 285000₫,0,0,0,0,0,0,1,0
ÁO SOMI M2SMN3051001,https://storage.googleapis.com/cdn.nhanh.vn/store/7136/ps/20210514/14052021020515_dai_dien.jpg, 285000₫,0,0,0,0,0,0,1,0
ÁO THUN M2ATN4051001,https://storage.googleapis.com/cdn.nhanh.vn/store/7136/ps/20210513/13052021040511_Dai_dien.jpg, 320000₫,0,0,0,0,1,0,0,0
QUẦN SHORT M1SJN3051001,https://storage.googleapis.com/cdn.nhanh.vn/store/7136/ps/20210514/14052021020514_dai_dien.jpg, 315000₫,1,0,0,0,0,0,0,0
ÁO SOMI M1SMN2041001,https://storage.googleapis.com/cdn.nhanh.vn/store/7136/ps/20210514/14052021030551_dai_dien.jpg, 285000₫,0,0,0,0,0,0,1,0
ÁO THUN U1ATN2041004,https://storage.googleapis.com/cdn.nhanh.vn/store/7136/ps/20210513/13052021030559_Dai_dien.jpg, 280000₫,0,0,0,0,1,0,0,0
ÁO THUN U1ATN1041003,https://storage.googleapis.com/cdn.nhanh.vn/store/7136/ps/20210513/13052021100514_Dai_dien.jpg, 160000₫,0,0,0,0,1,0,0,0
QUẦN JEAN M1QJN2041003,https://storage.googleapis.com/cdn.nhanh.vn/store/7136/ps/20210514/14052021030557_dai_dien.jpg, 415000₫,1,0,1,0,0,0,0,0
QUẦN JEAN M1QJN2041002,https://storage.googleapis.com/cdn.nhanh.vn/store/7136/ps/20210514/14052021030517_dai_dien.jpg, 289000₫,1,0,1,0,0,0,0,0
QUẦN SHORT M1SKK1041002,https://storage.googleapis.com/cdn.nhanh.vn/store/7136/ps/20210513/13052021030550_Dai_dien.jpg, 265000₫,1,0,0,0,0,0,0,0
QUẦN JEAN M1QJN1041001,https://storage.googleapis.com/cdn.nhanh.vn/store/7136/ps/20210416/16042021120448_1.jpg, 289000₫,1,0,1,0,0,0,0,0
QUẦN SHORT M2STH3041007,https://storage.googleapis.com/cdn.nhanh.vn/store/7136/ps/20210416/16042021120427_1.jpg, 179000₫,1,0,0,0,0,0,0,0
QUẦN SHORT M2STH3041006,https://storage.googleapis.com/cdn.nhanh.vn/store/7136/ps/20210416/16042021120457_1.jpg, 179000₫,1,0,0,0,0,0,0,0
QUẦN SHORT M2STH3041005,https://storage.googleapis.com/cdn.nhanh.vn/store/7136/ps/20210416/16042021120413_1.jpg, 179000₫,1,0,0,0,0,0,0,0
QUẦN SHORT M2STH3041004,https://storage.googleapis.com/cdn.nhanh.vn/store/7136/ps/20210416/16042021120412_1.jpg, 179000₫,1,0,0,0,0,0,0,0
QUẦN SHORT M2STH3041003,https://storage.googleapis.com/cdn.nhanh.vn/store/7136/ps/20210416/16042021120429_1.jpg, 179000₫,1,0,0,0,0,0,0,0
QUẦN SHORT M2STH3041002,https://storage.googleapis.com/cdn.nhanh.vn/store/7136/ps/20210416/16042021120455_1.jpg, 179000₫,1,0,0,0,0,0,0,0
QUẦN SHORT M2STH3041001,https://storage.googleapis.com/cdn.nhanh.vn/store/7136/ps/20210416/16042021120456_1.jpg, 179000₫,1,0,0,0,0,0,0,0
ÁO SOMI M2SMN3041004,https://storage.googleapis.com/cdn.nhanh.vn/store/7136/ps/20210416/16042021110434_1.jpg, 285000₫,0,0,0,0,0,0,1,0
ÁO SOMI M2SMN3041003,https://storage.googleapis.com/cdn.nhanh.vn/store/7136/ps/20210416/16042021110449_1.jpg, 285000₫,0,0,0,0,0,0,1,0
ÁO SOMI M2SMN3041002,https://storage.googleapis.com/cdn.nhanh.vn/store/7136/ps/20210416/16042021110455_1.jpg, 285000₫,0,0,0,0,0,0,1,0
ÁO SOMI M2SMN3041001,https://storage.googleapis.com/cdn.nhanh.vn/store/7136/ps/20210416/16042021110429_1.jpg, 285000₫,0,0,0,0,0,0,1,0
ÁO SOMI M1SMD2041003,https://storage.googleapis.com/cdn.nhanh.vn/store/7136/ps/20210416/16042021110427_1.jpg, 285000₫,0,0,0,0,0,0,1,0
ÁO SOMI M1SMD2041002,https://storage.googleapis.com/cdn.nhanh.vn/store/7136/ps/20210416/16042021110405_1.jpg, 320000₫,0,0,0,0,0,0,1,0
ÁO SOMI M1SMD2041001,https://storage.googleapis.com/cdn.nhanh.vn/store/7136/ps/20210416/16042021100453_1.jpg, 320000₫,0,0,0,0,0,0,1,0
ÁO THUN U1ATN2041002,https://storage.googleapis.com/cdn.nhanh.vn/store/7136/ps/20210331/31032021040319_1.jpg, 320000₫,0,0,0,0,1,0,0,0
QUẦN SHORT M1SKK1041001,https://storage.googleapis.com/cdn.nhanh.vn/store/7136/ps/20210416/16042021120401_1.jpg, 265000₫,1,0,0,0,0,0,0,0
ÁO SOMI M1SMD2031002,https://storage.googleapis.com/cdn.nhanh.vn/store/7136/ps/20210331/1_thumb.jpg, 285000₫,0,0,0,0,0,0,1,0
QUẦN JOGGER M1QJT4031002,https://storage.googleapis.com/cdn.nhanh.vn/store/7136/ps/20210331/31032021090327_1.jpg, 195000₫,1,1,0,0,0,0,0,0
ÁO SOMI M1SMD2031001,https://storage.googleapis.com/cdn.nhanh.vn/store/7136/ps/20210331/31032021090309_1.jpg, 285000₫,0,0,0,0,0,0,1,0
ÁO THUN U1ATN2031002,https://storage.googleapis.com/cdn.nhanh.vn/store/7136/ps/20210331/31032021090338_1.jpg, 265000₫,0,0,0,0,1,0,0,0
ÁO SOMI M1SMN4031001,https://storage.googleapis.com/cdn.nhanh.vn/store/7136/ps/20210331/31032021090328_1.jpg, 275000₫,0,0,0,0,0,0,1,0
ÁO THUN U1ATN2031001,https://storage.googleapis.com/cdn.nhanh.vn/store/7136/ps/20210331/31032021090331_1.jpg, 265000₫,0,0,0,0,1,0,0,0
QUẦN JOGGER M1QJT2031001,https://storage.googleapis.com/cdn.nhanh.vn/store/7136/ps/20210331/31032021090318_1.jpg, 195000₫,1,1,0,0,0,0,0,0
ÁO SOMI M2SMN3021014,https://storage.googleapis.com/cdn.nhanh.vn/store/7136/ps/20210301/134202123412_IMG_3736.jpg, 199000₫,0,0,0,0,0,0,1,0
ÁO SOMI M2SMN3021013,https://storage.googleapis.com/cdn.nhanh.vn/store/7136/ps/20210320/20592021105916_5L7A4655_thumb.jpg, 199000₫,0,0,0,0,0,0,1,0
ÁO SOMI M2SMN3021012,https://storage.googleapis.com/cdn.nhanh.vn/store/7136/ps/20210301/131202123159_IMG_3732_thumb.jpg, 199000₫,0,0,0,0,0,0,1,0
ÁO SOMI M2SMN3021011,https://storage.googleapis.com/cdn.nhanh.vn/store/7136/ps/20210301/130202123038_IMG_3729_thumb.jpg, 199000₫,0,0,0,0,0,0,1,0
ÁO SOMI M2SMN3021010,https://storage.googleapis.com/cdn.nhanh.vn/store/7136/ps/20210301/135202123534_IMG_3738.jpg, 199000₫,0,0,0,0,0,0,1,0
ÁO SOMI M2SMN3021009,https://storage.googleapis.com/cdn.nhanh.vn/store/7136/ps/20210320/20032021100347_5L7A4653.jpg, 199000₫,0,0,0,0,0,0,1,0
ÁO SOMI M2SMN3021008,https://storage.googleapis.com/cdn.nhanh.vn/store/7136/ps/20210301/128202122848_IMG_3724_thumb.jpg, 199000₫,0,0,0,0,0,0,1,0
ÁO THUN M2ATN3021004,https://storage.googleapis.com/cdn.nhanh.vn/store/7136/ps/20210301/126202122621_IMG_3720_thumb.jpg, 245000₫,0,0,0,0,1,0,0,0
ÁO THUN M2ATN3021003,https://storage.googleapis.com/cdn.nhanh.vn/store/7136/ps/20210301/122202122237_IMG_3714.jpg, 245000₫,0,0,0,0,1,0,0,0
ÁO THUN M2ATN3021002,https://storage.googleapis.com/cdn.nhanh.vn/store/7136/ps/20210301/124202122422_IMG_3718.jpg, 245000₫,0,0,0,0,1,0,0,0
ÁO THUN M2ATN3021001,https://storage.googleapis.com/cdn.nhanh.vn/store/7136/ps/20210301/120202122037_IMG_3710.jpg, 245000₫,0,0,0,0,1,0,0,0
ÁO SOMI M1SMD1021001,https://storage.googleapis.com/cdn.nhanh.vn/store/7136/ps/20210205/542202154225_IMG_3633.jpg, 285000₫,0,0,0,0,0,0,1,0
QUẦN JEAN M1QJN2021005,https://storage.googleapis.com/cdn.nhanh.vn/store/7136/ps/20210205/545202154557_IMG_3649.jpg, 415000₫,1,0,1,0,0,0,0,0
QUẦN JEAN M1QJN2021004,https://storage.googleapis.com/cdn.nhanh.vn/store/7136/ps/20210205/547202154746_8224E16B_FC7B_4166_A02F_ECB3FDE02827_thumb.jpg, 415000₫,1,0,1,0,0,0,0,0
QUẦN JEAN M1QJN1021003,https://storage.googleapis.com/cdn.nhanh.vn/store/7136/ps/20210205/541202154141_IMG_3653.jpg, 425000₫,1,0,1,0,0,0,0,0
ÁO SOMI M2SMN3021007,https://storage.googleapis.com/cdn.nhanh.vn/store/7136/ps/20210205/517202151726_IMG_3623_thumb.jpg, 199000₫,0,0,0,0,0,0,1,0
ÁO SOMI M2SMN3021006,https://storage.googleapis.com/cdn.nhanh.vn/store/7136/ps/20210205/535202153519_IMG_3612_thumb.jpg, 199000₫,0,0,0,0,0,0,1,0
ÁO SOMI M2SMN3021005,https://storage.googleapis.com/cdn.nhanh.vn/store/7136/ps/20210205/532202153248_IMG_3616_thumb.jpg, 199000₫,0,0,0,0,0,0,1,0
ÁO SOMI M2SMN3021004,https://storage.googleapis.com/cdn.nhanh.vn/store/7136/ps/20210205/534202153424_IMG_3614_thumb.jpg, 199000₫,0,0,0,0,0,0,1,0
ÁO SOMI M2SMN3021003,https://storage.googleapis.com/cdn.nhanh.vn/store/7136/ps/20210205/530202153002_IMG_3618_thumb.jpg, 199000₫,0,0,0,0,0,0,1,0
ÁO SOMI M2SMN3021002,https://storage.googleapis.com/cdn.nhanh.vn/store/7136/ps/20210205/526202152600_IMG_3625_thumb.jpg, 199000₫,0,0,0,0,0,0,1,0
ÁO SOMI M2SMN3021001,https://storage.googleapis.com/cdn.nhanh.vn/store/7136/ps/20210205/528202152835_IMG_3621_thumb.jpg, 199000₫,0,0,0,0,0,0,1,0
QUẦN JEAN M1QJN2021002,https://storage.googleapis.com/cdn.nhanh.vn/store/7136/ps/20210205/547202154702_IMG_3651.jpg, 415000₫,1,0,1,0,0,0,0,0
QUẦN JEAN M1QJN2021001,https://storage.googleapis.com/cdn.nhanh.vn/store/7136/ps/20210205/508202150829_IMG_3655_thumb.jpg, 425000₫,1,0,1,0,0,0,0,0
ÁO THUN U1ATN2011007,https://storage.googleapis.com/cdn.nhanh.vn/store/7136/ps/20210205/505202150508_IMG_0195.jpg, 265000₫,0,0,0,0,1,0,0,0
QUẦN JEAN M1QJN1011018,https://storage.googleapis.com/cdn.nhanh.vn/store/7136/ps/20210223/23012021110157_IMG_2435_thumb.jpg, 415000₫,1,0,1,0,0,0,0,0
ÁO SOMI M1SMD4011005,https://storage.googleapis.com/cdn.nhanh.vn/store/7136/ps/20210205/543202154346_IMG_2473.jpg, 285000₫,0,0,0,0,0,0,1,0
QUẦN JEAN M1QJN2011017,https://storage.googleapis.com/cdn.nhanh.vn/store/7136/ps/20210223/23102021111035_IMG_2433.jpg, 425000₫,1,0,1,0,0,0,0,0
QUẦN JEAN M1QJN1011015,https://storage.googleapis.com/cdn.nhanh.vn/store/7136/ps/20210301/120202142012_IMG_3773.jpg, 385000₫,1,0,1,0,0,0,0,0
QUẦN JEAN M1QJN3011014,https://storage.googleapis.com/cdn.nhanh.vn/store/7136/ps/20210223/23592021105953_IMG_2431.jpg, 395000₫,1,0,1,0,0,0,0,0
QUẦN JEAN M1QJN3011013,https://storage.googleapis.com/cdn.nhanh.vn/store/7136/ps/20210223/23192021111912_IMG_2429_thumb.jpg, 289000₫,1,0,1,0,0,0,0,0
QUẦN JOGGER M2QJK2011005,https://storage.googleapis.com/cdn.nhanh.vn/store/7136/ps/20210204/433202153355_IMG_0203.jpg, 365000₫,1,1,0,0,0,0,0,0
QUẦN JOGGER M2QJK1011004,https://storage.googleapis.com/cdn.nhanh.vn/store/7136/ps/20210305/05032021120316_IMG_0211.jpg, 315000₫,1,1,0,0,0,0,0,0
QUẦN KAKI M2QKK1011004,https://storage.googleapis.com/cdn.nhanh.vn/store/7136/ps/20210301/122202142216_IMG_3775.jpg, 315000₫,1,0,0,0,0,0,0,0
QUẦN KAKI M2QKK1011003,https://storage.googleapis.com/cdn.nhanh.vn/store/7136/ps/20210202/202202140244_IMG_1690.jpg, 385000₫,1,0,0,0,0,0,0,0
QUẦN KAKI M2QKK1011002,https://storage.googleapis.com/cdn.nhanh.vn/store/7136/ps/20210202/253202135339_IMG_1688.jpg, 385000₫,1,0,0,0,0,0,0,0
ÁO SOMI M1SMD1011004,https://storage.googleapis.com/cdn.nhanh.vn/store/7136/ps/20210202/201202140103_IMG_1678.jpg, 275000₫,0,0,0,0,0,0,1,0
ÁO THUN U1ATN4011005,https://storage.googleapis.com/cdn.nhanh.vn/store/7136/ps/20210205/523202152351_IMG_0064_thumb.jpg, 320000₫,0,0,0,0,1,0,0,0
QUẦN SHORT M1STH1011002,https://storage.googleapis.com/cdn.nhanh.vn/store/7136/ps/20210223/23082021110801_5L7A9852.jpg, 170000₫,1,0,0,0,0,0,0,0
ÁO THUN M2ATN4011003,https://storage.googleapis.com/cdn.nhanh.vn/store/7136/ps/20210205/511202151110_IMG_0181_thumb.jpg, 290000₫,0,0,0,0,1,0,0,0
ÁO THUN M2ATN4011002,https://storage.googleapis.com/cdn.nhanh.vn/store/7136/ps/20210205/531202153129_IMG_0168.jpg, 290000₫,0,0,0,0,1,0,0,0
ÁO THUN M2ATN4011001,https://storage.googleapis.com/cdn.nhanh.vn/store/7136/ps/20210205/515202151517_IMG_0174.jpg, 290000₫,0,0,0,0,1,0,0,0
QUẦN JEAN M1QJN2011012,https://storage.googleapis.com/cdn.nhanh.vn/store/7136/ps/20210202/234202143408_IMG_1714_thumb.jpg, 415000₫,1,0,1,0,0,0,0,0
QUẦN JEAN M1QJN2011011,https://storage.googleapis.com/cdn.nhanh.vn/store/7136/ps/20210202/216202141650_IMG_1712.jpg, 395000₫,1,0,1,0,0,0,0,0
QUẦN JEAN M1QJN2011010,https://storage.googleapis.com/cdn.nhanh.vn/store/7136/ps/20210202/220202142013_IMG_1710.jpg, 395000₫,1,0,1,0,0,0,0,0
QUẦN JEAN M1QJN3011009,https://storage.googleapis.com/cdn.nhanh.vn/store/7136/ps/20210202/218202141821_IMG_1708.jpg, 395000₫,1,0,1,0,0,0,0,0
QUẦN SHORT M1SKK1011001,https://storage.googleapis.com/cdn.nhanh.vn/store/7136/ps/20210202/258202135818_IMG_1694.jpg, 265000₫,1,0,0,0,0,0,0,0
QUẦN JEAN M1QJN3011008,https://storage.googleapis.com/cdn.nhanh.vn/store/7136/ps/20210202/213202141308_IMG_1706.jpg, 395000₫,1,0,1,0,0,0,0,0
QUẦN JEAN M1QJN1011007,https://storage.googleapis.com/cdn.nhanh.vn/store/7136/ps/20210202/224202142407_IMG_1704.jpg, 425000₫,1,0,1,0,0,0,0,0
QUẦN JEAN M1QJN1011006,https://storage.googleapis.com/cdn.nhanh.vn/store/7136/ps/20210202/226202142605_IMG_1702.jpg, 425000₫,1,0,1,0,0,0,0,0
QUẦN JOGGER M1QJT2011003,https://storage.googleapis.com/cdn.nhanh.vn/store/7136/ps/20210223/23432021114308_IMG_1716.gif, 215000₫,1,1,0,0,0,0,0,0
ÁO SOMI M1SMD4011003,https://storage.googleapis.com/cdn.nhanh.vn/store/7136/ps/20210202/231202143152_IMG_1675_thumb.jpg, 285000₫,0,0,0,0,0,0,1,0
ÁO THUN U1ATN4011004,https://storage.googleapis.com/cdn.nhanh.vn/store/7136/ps/20210223/23382021113804_IMG_1666.gif, 300000₫,0,0,0,0,1,0,0,0
QUẦN JOGGER M1QJT1011002,https://storage.googleapis.com/cdn.nhanh.vn/store/7136/ps/20210223/23412021114131_IMG_1722.gif, 195000₫,1,1,0,0,0,0,0,0
QUẦN JOGGER M2QJK1011002,https://storage.googleapis.com/cdn.nhanh.vn/store/7136/ps/20210223/23492021104933_5L7A9847_thumb.jpg, 365000₫,1,1,0,0,0,0,0,0
QUẦN SHORT M2SJN2011005,https://storage.googleapis.com/cdn.nhanh.vn/store/7136/ps/20210223/23122021111237_IMG_1736_thumb.jpg, 345000₫,1,0,0,0,0,0,0,0
QUẦN SHORT M2SJN1011004,https://storage.googleapis.com/cdn.nhanh.vn/store/7136/ps/20210205/503202160348_IMG_1734.jpg, 345000₫,1,0,0,0,0,0,0,0
QUẦN SHORT M2SJN3011003,https://storage.googleapis.com/cdn.nhanh.vn/store/7136/ps/20210223/23462021104623_IMG_1732.jpg, 345000₫,1,0,0,0,0,0,0,0
QUẦN SHORT M2SJN3011002,https://storage.googleapis.com/cdn.nhanh.vn/store/7136/ps/20210223/23452021104519_IMG_1730_thumb.jpg, 345000₫,1,0,0,0,0,0,0,0
QUẦN SHORT M2SJN2011001,https://storage.googleapis.com/cdn.nhanh.vn/store/7136/ps/20210205/501202160132_IMG_1728_thumb.jpg, 345000₫,1,0,0,0,0,0,0,0
QUẦN JEAN M1QJN3011005,https://storage.googleapis.com/cdn.nhanh.vn/store/7136/ps/20210202/203202140358_IMG_1700.jpg, 425000₫,1,0,1,0,0,0,0,0
ÁO SOMI M1SMD4011002,https://storage.googleapis.com/cdn.nhanh.vn/store/7136/ps/20210202/251202135122_IMG_1671_thumb.jpg, 285000₫,0,0,0,0,0,0,1,0
ÁO SOMI M1SMD4011001,https://storage.googleapis.com/cdn.nhanh.vn/store/7136/ps/20210202/255202135543_IMG_1681.jpg, 295000₫,0,0,0,0,0,0,1,0
QUẦN JOGGER M1QJG4011004,https://storage.googleapis.com/cdn.nhanh.vn/store/7136/ps/20210223/23162021111607_IMG_1739_thumb.jpg, 395000₫,1,1,0,0,0,0,0,0
QUẦN JEAN M1QJN1011004,https://storage.googleapis.com/cdn.nhanh.vn/store/7136/ps/20210120/20412021114135_IMG_0538.jpg, 415000₫,1,0,1,0,0,0,0,0
QUẦN JOGGER M1QJG2011003,https://storage.googleapis.com/cdn.nhanh.vn/store/7136/ps/20210223/23222021112215_IMG_1743.jpg, 385000₫,1,1,0,0,0,0,0,0
QUẦN THUN M1QTH1011001,https://storage.googleapis.com/cdn.nhanh.vn/store/7136/ps/20210120/20182021111805_IMG_0560.jpg, 195000₫,1,0,0,0,0,0,0,0
QUẦN SHORT M1STH1011001,https://storage.googleapis.com/cdn.nhanh.vn/store/7136/ps/20210120/20152021111508_IMG_0568.jpg, 175000₫,1,0,0,0,0,0,0,0
QUẦN JOGGER M2QJG1011001,https://storage.googleapis.com/cdn.nhanh.vn/store/7136/ps/20210202/210202141047_5L7A9844.jpg, 345000₫,1,1,0,0,0,0,0,0
QUẦN KAKI M2QKK1011001,https://storage.googleapis.com/cdn.nhanh.vn/store/7136/ps/20210120/20312021113149_IMG_0546.jpg, 345000₫,1,0,0,0,0,0,0,0
QUẦN JEAN M1QJN1011002,https://storage.googleapis.com/cdn.nhanh.vn/store/7136/ps/20210120/20332021113313_IMG_0554.jpg, 415000₫,1,0,1,0,0,0,0,0
QUẦN JEAN M1QJN2011003,https://storage.googleapis.com/cdn.nhanh.vn/store/7136/ps/20210519/19052021010540_IMG_0557.jpg, 425000₫,1,0,1,0,0,0,0,0
QUẦN JEAN M1QJN2011002,https://storage.googleapis.com/cdn.nhanh.vn/store/7136/ps/20210120/20402021114010_IMG_0535.jpg, 415000₫,1,0,1,0,0,0,0,0
QUẦN JEAN M1QJN2011001,https://storage.googleapis.com/cdn.nhanh.vn/store/7136/ps/20210202/206202140640_IMG_1696.jpg, 395000₫,1,0,1,0,0,0,0,0
QUẦN JEAN M1QJN1011001,https://storage.googleapis.com/cdn.nhanh.vn/store/7136/ps/20210202/208202140826_IMG_1698.jpg, 395000₫,1,0,1,0,0,0,0,0
QUẦN JOGGER M1QJG011001,https://storage.googleapis.com/cdn.nhanh.vn/store/7136/ps/20210120/20372021113743_IMG_0565.jpg, 415000₫,1,1,0,0,0,0,0,0
QUẦN JEAN M1QJN011002,https://storage.googleapis.com/cdn.nhanh.vn/store/7136/ps/20210120/20262021112618_IMG_0541.jpg, 425000₫,1,0,1,0,0,0,0,0
QUẦN TÂY M1QTY120023,https://storage.googleapis.com/cdn.nhanh.vn/store/7136/ps/20210104/430202143031_IMG_2780_thumb.jpg, 365000₫,1,0,0,1,0,0,0,0
QUẦN TÂY M1QTY120022,https://storage.googleapis.com/cdn.nhanh.vn/store/7136/ps/20210104/435202143517_IMG_2778_thumb.jpg, 365000₫,1,0,0,1,0,0,0,0
QUẦN TÂY M1QTY120021,https://storage.googleapis.com/cdn.nhanh.vn/store/7136/ps/20210104/431202143131_IMG_2775_thumb.jpg, 365000₫,1,0,0,1,0,0,0,0
ÁO THUN U1ATN120006,https://storage.googleapis.com/cdn.nhanh.vn/store/7136/ps/20210104/4452021104559_IMG_1945_thumb.JPG, 168750₫,0,0,0,0,1,0,0,0
ÁO THUN U1ATN120005,https://storage.googleapis.com/cdn.nhanh.vn/store/7136/ps/20210104/4542021105459_IMG_2717_thumb.jpg, 265000₫,0,0,0,0,1,0,0,0
ÁO SOMI M1SMN120003,https://storage.googleapis.com/cdn.nhanh.vn/store/7136/ps/20210104/415202141503_IMG_2733_thumb.jpg, 265000₫,0,0,0,0,0,0,1,0
QUẦN JEAN M1QJN120016,https://storage.googleapis.com/cdn.nhanh.vn/store/7136/ps/20210108/838202153832_IMG_2769.jpg, 395000₫,1,0,1,0,0,0,0,0
QUẦN THUN M1QTH120002,https://storage.googleapis.com/cdn.nhanh.vn/store/7136/ps/20210108/820202152020_IMG_2748.jpg, 195000₫,1,0,0,0,0,0,0,0
QUẦN THUN M1QTH120001,https://storage.googleapis.com/cdn.nhanh.vn/store/7136/ps/20210108/817202151755_IMG_2739.jpg, 195000₫,1,0,0,0,0,0,0,0
QUẦN JEAN M1QJN120014,https://storage.googleapis.com/cdn.nhanh.vn/store/7136/ps/20210108/843202154333_IMG_2766.jpg, 445000₫,1,0,1,0,0,0,0,0
QUẦN SHORT M1SJN120005,https://storage.googleapis.com/cdn.nhanh.vn/store/7136/ps/20210104/424202142441_IMG_1898_thumb.JPG, 315000₫,1,0,0,0,0,0,0,0
QUẦN JEAN M1QJN120013,https://storage.googleapis.com/cdn.nhanh.vn/store/7136/ps/20210108/842202154209_IMG_2763.jpg, 425000₫,1,0,1,0,0,0,0,0
QUẦN SHORT M1SJN120004,https://storage.googleapis.com/cdn.nhanh.vn/store/7136/ps/20210108/833202153347_IMG_2754_thumb.jpg, 295000₫,1,0,0,0,0,0,0,0
QUẦN JOGGER M1QJG120001,https://storage.googleapis.com/cdn.nhanh.vn/store/7136/ps/20210108/822202152207_IMG_2772.jpg, 415000₫,1,1,0,0,0,0,0,0
QUẦN JEAN M1QJN120012,https://storage.googleapis.com/cdn.nhanh.vn/store/7136/ps/20210108/839202153938_IMG_2760.jpg, 385000₫,1,0,1,0,0,0,0,0
QUẦN JEAN M1QJN120011,https://storage.googleapis.com/cdn.nhanh.vn/store/7136/ps/20210108/837202153708_IMG_2757.jpg, 385000₫,1,0,1,0,0,0,0,0
QUẦN SHORT M1SJN120003,https://storage.googleapis.com/cdn.nhanh.vn/store/7136/ps/20210108/816202151617_IMG_2751_thumb.jpg, 295000₫,1,0,0,0,0,0,0,0
ÁO SOMI M1SMN120002,https://storage.googleapis.com/cdn.nhanh.vn/store/7136/ps/20210104/416202141623_IMG_2736_thumb.jpg, 275000₫,0,0,0,0,0,0,1,0
ÁO SOMI M1SMN120001,https://storage.googleapis.com/cdn.nhanh.vn/store/7136/ps/20210104/459202135908_IMG_2724_thumb.jpg, 275000₫,0,0,0,0,0,0,1,0
ÁO THUN U1ATN120004,https://storage.googleapis.com/cdn.nhanh.vn/store/7136/ps/20210104/4002021110055_IMG_2722_thumb.jpg, 265000₫,0,0,0,0,1,0,0,0
QUẦN TÂY M1QTY120020,https://storage.googleapis.com/cdn.nhanh.vn/store/7136/ps/20210104/437202143712_IMG_2018_thumb.jpg, 365000₫,1,0,0,1,0,0,0,0
QUẦN TÂY M1QTY120019,https://storage.googleapis.com/cdn.nhanh.vn/store/7136/ps/20210104/438202143801_IMG_2020_thumb.jpg, 365000₫,1,0,0,1,0,0,0,0
QUẦN TÂY M1QTY120018,https://storage.googleapis.com/cdn.nhanh.vn/store/7136/ps/20210104/432202143219_IMG_2022_thumb.jpg, 365000₫,1,0,0,1,0,0,0,0
QUẦN TÂY M1QTY120017,https://storage.googleapis.com/cdn.nhanh.vn/store/7136/ps/20210104/434202143424_IMG_2016_thumb.jpg, 365000₫,1,0,0,1,0,0,0,0
QUẦN TÂY M1QTY120016,https://storage.googleapis.com/cdn.nhanh.vn/store/7136/ps/20210104/433202143337_IMG_2024_thumb.jpg, 365000₫,1,0,0,1,0,0,0,0
QUẦN JEAN M1QJN120010,https://storage.googleapis.com/cdn.nhanh.vn/store/7136/ps/20210104/428202142841_IMG_2026_thumb.jpg, 425000₫,1,0,1,0,0,0,0,0
QUẦN SHORT M1STH120001,https://storage.googleapis.com/cdn.nhanh.vn/store/7136/ps/20210108/810202151030_IMG_1893.JPG, 175000₫,1,0,0,0,0,0,0,0
QUẦN SHORT M1SKK120003,https://storage.googleapis.com/cdn.nhanh.vn/store/7136/ps/20210104/426202142650_IMG_1909_thumb.JPG, 265000₫,1,0,0,0,0,0,0,0
QUẦN JEAN M1QJN120009,https://storage.googleapis.com/cdn.nhanh.vn/store/7136/ps/20210108/840202154059_IMG_2032.jpg, 425000₫,1,0,1,0,0,0,0,0
QUẦN JEAN M1QJN120008,https://storage.googleapis.com/cdn.nhanh.vn/store/7136/ps/20210108/835202153536_IMG_2035.jpg, 289000₫,1,0,1,0,0,0,0,0
QUẦN JEAN M1QJN120007,https://storage.googleapis.com/cdn.nhanh.vn/store/7136/ps/20210104/429202142934_IMG_2029_thumb.jpg, 289000₫,1,0,1,0,0,0,0,0
ÁO POLO M2ATP120004,https://storage.googleapis.com/cdn.nhanh.vn/store/7136/ps/20210104/421202142104_IMG_1884_thumb.JPG, 285000₫,0,0,0,0,1,0,0,0
ÁO POLO M2ATP120003,https://storage.googleapis.com/cdn.nhanh.vn/store/7136/ps/20210104/417202141732_IMG_1981_thumb.jpg, 285000₫,0,0,0,0,1,0,0,0
ÁO THUN M2ATN120015,https://storage.googleapis.com/cdn.nhanh.vn/store/7136/ps/20210108/814202151413_IMG_1860.JPG, 245000₫,0,0,0,0,1,0,0,0
ÁO THUN M2ATN120012,https://storage.googleapis.com/cdn.nhanh.vn/store/7136/ps/20210108/855202145541_IMG_1846.JPG, 245000₫,0,0,0,0,1,0,0,0
ÁO POLO M2ATP120002,https://storage.googleapis.com/cdn.nhanh.vn/store/7136/ps/20210104/412202141231_IMG_1874_thumb.JPG, 285000₫,0,0,0,0,1,0,0,0
ÁO POLO M2ATP120001,https://storage.googleapis.com/cdn.nhanh.vn/store/7136/ps/20210104/418202141847_IMG_1970_thumb.jpg, 285000₫,0,0,0,0,1,0,0,0
QUẦN SHORT M1SKK120002,https://storage.googleapis.com/cdn.nhanh.vn/store/7136/ps/20201218/IMG_0456_thumb.jpg, 245000₫,1,0,0,0,0,0,0,0
QUẦN SHORT M1SKK120001,https://storage.googleapis.com/cdn.nhanh.vn/store/7136/ps/20201218/IMG_0460_thumb.jpg, 245000₫,1,0,0,0,0,0,0,0
QUẦN TÂY M1QTY120015,https://storage.googleapis.com/cdn.nhanh.vn/store/7136/ps/20201222/IMG_0454_thumb.jpg, 365000₫,1,0,0,1,0,0,0,0
ÁO THUN U1ATN120003,https://storage.googleapis.com/cdn.nhanh.vn/store/7136/ps/20210104/4132021111335_IMG_1802_thumb.JPG, 195000₫,0,0,0,0,1,0,0,0
QUẦN JEAN M1QJN120006,https://storage.googleapis.com/cdn.nhanh.vn/store/7136/ps/20201218/IMG_9180_thumb.jpg, 395000₫,1,0,1,0,0,0,0,0
QUẦN JEAN M1QJN120005,https://storage.googleapis.com/cdn.nhanh.vn/store/7136/ps/20201218/IMG_9178_thumb.jpg, 385000₫,1,0,1,0,0,0,0,0
QUẦN JEAN M1QJN120004,https://storage.googleapis.com/cdn.nhanh.vn/store/7136/ps/20201218/IMG_9182_thumb.jpg, 385000₫,1,0,1,0,0,0,0,0
QUẦN SHORT M1SJN120002,https://storage.googleapis.com/cdn.nhanh.vn/store/7136/ps/20201218/IMG_9176_thumb.jpg, 285000₫,1,0,0,0,0,0,0,0
ÁO THUN U1ATN120002,https://storage.googleapis.com/cdn.nhanh.vn/store/7136/ps/20210104/4372021103724_IMG_1820_thumb.JPG, 265000₫,0,0,0,0,1,0,0,0
ÁO THUN U1ATN120001,https://storage.googleapis.com/cdn.nhanh.vn/store/7136/ps/20210104/4322021103203_IMG_1812_thumb.JPG, 265000₫,0,0,0,0,1,0,0,0
QUẦN JEAN M1QJN120003,https://storage.googleapis.com/cdn.nhanh.vn/store/7136/ps/20201218/IMG_9190_thumb.jpg, 415000₫,1,0,1,0,0,0,0,0
QUẦN SHORT M1SJN120001,https://storage.googleapis.com/cdn.nhanh.vn/store/7136/ps/20201218/IMG_9174_thumb.jpg, 285000₫,1,0,0,0,0,0,0,0
ÁO SOMI M1SMD120002,https://storage.googleapis.com/cdn.nhanh.vn/store/7136/ps/20201222/5L7A1862_thumb.jpg, 275000₫,0,0,0,0,0,0,1,0
ÁO SOMI M1SMD120001,https://storage.googleapis.com/cdn.nhanh.vn/store/7136/ps/20201222/IMG_6522_thumb.jpg, 275000₫,0,0,0,0,0,0,1,0
QUẦN TÂY M1QTY120014,https://storage.googleapis.com/cdn.nhanh.vn/store/7136/ps/20201222/IMG_9221_thumb.jpg, 385000₫,1,0,0,1,0,0,0,0
QUẦN TÂY M1QTY120013,https://storage.googleapis.com/cdn.nhanh.vn/store/7136/ps/20201222/IMG_9220_thumb.jpg, 385000₫,1,0,0,1,0,0,0,0
QUẦN TÂY M1QTY120012,https://storage.googleapis.com/cdn.nhanh.vn/store/7136/ps/20201222/IMG_9218_thumb.jpg, 385000₫,1,0,0,1,0,0,0,0
QUẦN TÂY M1QTY120011,https://storage.googleapis.com/cdn.nhanh.vn/store/7136/ps/20201222/IMG_9216_thumb.jpg, 385000₫,1,0,0,1,0,0,0,0
QUẦN TÂY M1QTY120010,https://storage.googleapis.com/cdn.nhanh.vn/store/7136/ps/20201222/IMG_9212_thumb.jpg, 365000₫,1,0,0,1,0,0,0,0
QUẦN TÂY M1QTY120009,https://storage.googleapis.com/cdn.nhanh.vn/store/7136/ps/20201222/IMG_9211_thumb.jpg, 365000₫,1,0,0,1,0,0,0,0
QUẦN TÂY M1QTY120008,https://storage.googleapis.com/cdn.nhanh.vn/store/7136/ps/20201222/IMG_9208_thumb.jpg, 365000₫,1,0,0,1,0,0,0,0
QUẦN JEAN M1QJN120002,https://storage.googleapis.com/cdn.nhanh.vn/store/7136/ps/20201218/IMG_9184_thumb.jpg, 395000₫,1,0,1,0,0,0,0,0
QUẦN JEAN M1QJN120001,https://storage.googleapis.com/cdn.nhanh.vn/store/7136/ps/20201218/IMG_9186_thumb.jpg, 415000₫,1,0,1,0,0,0,0,0
QUẦN TÂY M1QTY120006,https://storage.googleapis.com/cdn.nhanh.vn/store/7136/ps/20201222/IMG_9204_thumb.jpg, 385000₫,1,0,0,1,0,0,0,0
QUẦN TÂY M1QTY120005,https://storage.googleapis.com/cdn.nhanh.vn/store/7136/ps/20201222/IMG_9202_thumb.jpg, 385000₫,1,0,0,1,0,0,0,0
QUẦN TÂY M1QTY120004,https://storage.googleapis.com/cdn.nhanh.vn/store/7136/ps/20201222/IMG_9200_thumb.jpg, 385000₫,1,0,0,1,0,0,0,0
QUẦN TÂY M1QTY120003,https://storage.googleapis.com/cdn.nhanh.vn/store/7136/ps/20201222/IMG_9198_thumb.jpg, 365000₫,1,0,0,1,0,0,0,0
QUẦN TÂY M1QTY120002,https://storage.googleapis.com/cdn.nhanh.vn/store/7136/ps/20201222/IMG_9196_thumb.jpg, 385000₫,1,0,0,1,0,0,0,0
QUẦN TÂY M1QTY120001,https://storage.googleapis.com/cdn.nhanh.vn/store/7136/ps/20201222/IMG_9193_thumb.jpg, 365000₫,1,0,0,1,0,0,0,0
ÁO THUN U1ATN110007,https://storage.googleapis.com/cdn.nhanh.vn/store/7136/ps/20210104/4192021101917_IMG_8874_thumb.jpg, 265000₫,0,0,0,0,1,0,0,0
ÁO SOMI M2SMD110001,https://storage.googleapis.com/cdn.nhanh.vn/store/7136/ps/20201218/IMG_8953_thumb.jpg, 258750₫,0,0,0,0,0,0,1,0
ÁO POLO M2ATP110001,https://storage.googleapis.com/cdn.nhanh.vn/store/7136/ps/20201218/IMG_8887_thumb.jpg, 221250₫,0,0,0,0,1,0,0,0
QUẦN SHORT M1SJN110005,https://storage.googleapis.com/cdn.nhanh.vn/store/7136/ps/20201218/IMG_9172_thumb.jpg, 285000₫,1,0,0,0,0,0,0,0
QUẦN JEAN M1QJN110011,https://storage.googleapis.com/cdn.nhanh.vn/store/7136/ps/20201218/IMG_9188_thumb.jpg, 395000₫,1,0,1,0,0,0,0,0
AO SOMI M1SMN110002,https://storage.googleapis.com/cdn.nhanh.vn/store/7136/ps/20210320/20072021110744_5L7A4664_thumb.jpg, 191250₫,0,0,0,0,0,0,1,0
ÁO THUN U1ATN110005,https://storage.googleapis.com/cdn.nhanh.vn/store/7136/ps/20210122/2258202155832_IMG_8885_thumb.jpg, 265000₫,0,0,0,0,1,0,0,0
QUẦN TÂY M1QTY110001,https://storage.googleapis.com/cdn.nhanh.vn/store/7136/ps/20201218/IMG_6476_thumb.jpg, 345000₫,1,0,0,1,0,0,0,0
ÁO THUN U1ATN110004,https://storage.googleapis.com/cdn.nhanh.vn/store/7136/ps/20201202/IMG_6500_thumb.jpg, 280000₫,0,0,0,0,1,0,0,0
QUẦN JEAN M1QJN110010,https://storage.googleapis.com/cdn.nhanh.vn/store/7136/ps/20201218/IMG_6469_thumb.jpg, 385000₫,1,0,1,0,0,0,0,0
QUẦN JEAN M1QJN110009,https://storage.googleapis.com/cdn.nhanh.vn/store/7136/ps/20201218/IMG_6465_thumb.jpg, 395000₫,1,0,1,0,0,0,0,0
QUẦN JEAN M1QJN110008,https://storage.googleapis.com/cdn.nhanh.vn/store/7136/ps/20201218/IMG_6459_thumb.jpg, 395000₫,1,0,1,0,0,0,0,0
QUẦN JEAN M1QJN110007,https://storage.googleapis.com/cdn.nhanh.vn/store/7136/ps/20201204/IMG_6456_thumb.jpg, 395000₫,1,0,1,0,0,0,0,0
ÁO SOMI M1SMD110001,https://storage.googleapis.com/cdn.nhanh.vn/store/7136/ps/20201222/IMG_6522_thumb.jpg, 275000₫,0,0,0,0,0,0,1,0
QUẦN JEAN M1QJN110006,https://storage.googleapis.com/cdn.nhanh.vn/store/7136/ps/20201204/IMG_6453_thumb.jpg, 395000₫,1,0,1,0,0,0,0,0
QUẦN JEAN M1QJN110005,https://storage.googleapis.com/cdn.nhanh.vn/store/7136/ps/20201218/IMG_6462_thumb.jpg, 395000₫,1,0,1,0,0,0,0,0
ÁO THUN U1ATN110002,https://storage.googleapis.com/cdn.nhanh.vn/store/7136/ps/20201202/IMG_6443_thumb.jpg, 265000₫,0,0,0,0,1,0,0,0
ÁO THUN U1ATN110001,https://storage.googleapis.com/cdn.nhanh.vn/store/7136/ps/20201202/IMG_6515.gif, 340000₫,0,0,0,0,1,0,0,0
QUẦN JEAN M1QJN110004,https://storage.googleapis.com/cdn.nhanh.vn/store/7136/ps/20201118/IMG_5473_thumb.jpg, 385000₫,1,0,1,0,0,0,0,0
QUẦN JEAN M1QJN110003,https://storage.googleapis.com/cdn.nhanh.vn/store/7136/ps/20201118/IMG_5479_thumb.jpg, 385000₫,1,0,1,0,0,0,0,0
QUẦN JEAN M1QJN110002,https://storage.googleapis.com/cdn.nhanh.vn/store/7136/ps/20201118/IMG_5470_thumb.jpg, 385000₫,1,0,1,0,0,0,0,0
QUẦN SHORT M1SJN110003,https://storage.googleapis.com/cdn.nhanh.vn/store/7136/ps/20201118/IMG_4536_thumb.jpg, 285000₫,1,0,0,0,0,0,0,0
QUẦN SHORT M1SJN110002,https://storage.googleapis.com/cdn.nhanh.vn/store/7136/ps/20201118/IMG_4543_thumb.jpg, 285000₫,1,0,0,0,0,0,0,0
QUẦN SHORT M1SJN110001,https://storage.googleapis.com/cdn.nhanh.vn/store/7136/ps/20201118/IMG_4549_thumb.jpg, 285000₫,1,0,0,0,0,0,0,0
QUẦN JEAN M1QJN110001,https://storage.googleapis.com/cdn.nhanh.vn/store/7136/ps/20201118/IMG_5476_thumb.jpg, 395000₫,1,0,1,0,0,0,0,0
ÁO SOMI M1SMD100002,https://storage.googleapis.com/cdn.nhanh.vn/store/7136/ps/20201118/IMG_4519_thumb.jpg, 240000₫,0,0,0,0,0,0,1,0
QUẦN SHORT M1SJN100005,https://storage.googleapis.com/cdn.nhanh.vn/store/7136/ps/20201118/IMG_4530_thumb.jpg, 295000₫,1,0,0,0,0,0,0,0
QUẦN SHORT M1SJN100004,https://storage.googleapis.com/cdn.nhanh.vn/store/7136/ps/20201118/IMG_4533_thumb.jpg, 295000₫,1,0,0,0,0,0,0,0
QUẦN SHORT M1SJN100003,https://storage.googleapis.com/cdn.nhanh.vn/store/7136/ps/20201118/IMG_4540_thumb.jpg, 295000₫,1,0,0,0,0,0,0,0
QUẦN JEAN M1SJN100002,https://storage.googleapis.com/cdn.nhanh.vn/store/7136/ps/20201118/IMG_4546_thumb.jpg, 295000₫,1,0,1,0,0,0,0,0
QUẦN JEAN M1SJN100001,https://storage.googleapis.com/cdn.nhanh.vn/store/7136/ps/20201118/IMG_4552_thumb.jpg, 295000₫,1,0,1,0,0,0,0,0
ÁO THUN U1ATN100004,https://storage.googleapis.com/cdn.nhanh.vn/store/7136/ps/20201116/IMG_0839_thumb.jpg, 265000₫,0,0,0,0,1,0,0,0
QUẦN JEAN M1QJN100008,https://storage.googleapis.com/cdn.nhanh.vn/store/7136/ps/20201118/IMG_5467_thumb.jpg, 395000₫,1,0,1,0,0,0,0,0
QUẦN JEAN M1QJN100007,https://storage.googleapis.com/cdn.nhanh.vn/store/7136/ps/20201118/IMG_5464_thumb.jpg, 395000₫,1,0,1,0,0,0,0,0
QUẦN JEAN M1QJN100006,https://storage.googleapis.com/cdn.nhanh.vn/store/7136/ps/20201103/IMG_2614_thumb.jpg, 395000₫,1,0,1,0,0,0,0,0
QUẦN JEAN M1QJN100005,https://storage.googleapis.com/cdn.nhanh.vn/store/7136/ps/20201103/IMG_2622_thumb.jpg, 385000₫,1,0,1,0,0,0,0,0
QUẦN JEAN M1QJN100004,https://storage.googleapis.com/cdn.nhanh.vn/store/7136/ps/20201103/IMG_2625_thumb.jpg, 385000₫,1,0,1,0,0,0,0,0
QUẦN JEAN M1QJN100003,https://storage.googleapis.com/cdn.nhanh.vn/store/7136/ps/20201103/IMG_2619_thumb.jpg, 395000₫,1,0,1,0,0,0,0,0
QUẦN JEAN M1QJN100002,https://storage.googleapis.com/cdn.nhanh.vn/store/7136/ps/20201103/IMG_2616_thumb.jpg, 395000₫,1,0,1,0,0,0,0,0
ÁO THUN U1ATN100001,https://storage.googleapis.com/cdn.nhanh.vn/store/7136/ps/20201103/IMG_2639_thumb.jpg, 280000₫,0,0,0,0,1,0,0,0
QUẦN JOGGER M1QJG100001,https://storage.googleapis.com/cdn.nhanh.vn/store/7136/ps/20201019/IMG_1900_thumb.jpg, 385000₫,1,1,0,0,0,0,0,0
QUẦN JEAN M1QJN100001,https://storage.googleapis.com/cdn.nhanh.vn/store/7136/ps/20201019/IMG_1897_thumb.jpg, 385000₫,1,0,1,0,0,0,0,0
ÁO THUN M2ATN090001,https://storage.googleapis.com/cdn.nhanh.vn/store/7136/ps/20201015/IMG_6264_thumb.jpg, 265000₫,0,0,0,0,1,0,0,0
QUẦN JOGGER M2QJG090007,https://storage.googleapis.com/cdn.nhanh.vn/store/7136/ps/20201019/IMG_6267_thumb.jpg, 345000₫,1,1,0,0,0,0,0,0
QUẦN JOGGER M2QJG090005,https://storage.googleapis.com/cdn.nhanh.vn/store/7136/ps/20201019/IMG_6274_thumb.jpg, 345000₫,1,1,0,0,0,0,0,0
QUẦN JEAN M1QJN090004,https://storage.googleapis.com/cdn.nhanh.vn/store/7136/ps/20201019/IMG_0848_thumb.jpg, 395000₫,1,0,1,0,0,0,0,0
QUẦN JOGGER M2QJG090004,https://storage.googleapis.com/cdn.nhanh.vn/store/7136/ps/20201015/IMG_9091_thumb.jpg, 345000₫,1,1,0,0,0,0,0,0
QUẦN JOGGER M2QJG090003,https://storage.googleapis.com/cdn.nhanh.vn/store/7136/ps/20201019/IMG_9100_thumb.jpg, 345000₫,1,1,0,0,0,0,0,0
QUẦN JOGGER M2QJG090002,https://storage.googleapis.com/cdn.nhanh.vn/store/7136/ps/20201015/IMG_9094_thumb.jpg, 345000₫,1,1,0,0,0,0,0,0
SHORT JEAN M1SJN090002,https://storage.googleapis.com/cdn.nhanh.vn/store/7136/ps/20201016/IMG_9080_thumb.jpg, 285000₫,1,0,0,0,0,0,0,0
ÁO THUN U1ATN090003,https://storage.googleapis.com/cdn.nhanh.vn/store/7136/ps/20201015/IMG_7604_thumb.jpg, 320000₫,0,0,0,0,1,0,0,0
QUẦN SHORT M1SJN090001,https://storage.googleapis.com/cdn.nhanh.vn/store/7136/ps/20201016/IMG_7617_thumb.jpg, 285000₫,1,0,0,0,0,0,0,0
ÁO THUN U1ATN090002,https://storage.googleapis.com/cdn.nhanh.vn/store/7136/ps/20201227/IMG_7537_thumb.jpg, 280000₫,0,0,0,0,1,0,0,0
QUẦN JOGGER M1QJG090001,https://storage.googleapis.com/cdn.nhanh.vn/store/7136/ps/20200912/D2T9_M1QJG090001_QUANJOGGERDU_NAM_NU_TOTOSHOP(3)_thumb.jpg, 260000₫,1,1,0,0,0,0,0,0
QUẦN TÂY M1QTY090001,https://storage.googleapis.com/cdn.nhanh.vn/store/7136/ps/20200910/d2t9-quantay-M1QTY090001-nam-totoshop(3)_thumb.jpg, 345000₫,1,0,0,1,0,0,0,0
ÁO SOMI M1SMD090001,https://storage.googleapis.com/cdn.nhanh.vn/store/7136/ps/20200910/d2t9-aosomi-M1SMD090001-nam-totoshop(1)_thumb.jpg, 213750₫,0,0,0,0,0,0,1,0
ÁO SOMI M1SMD080005,https://storage.googleapis.com/cdn.nhanh.vn/store/7136/ps/20200910/d2t9-aosomi-M1SMD080005-nam-totoshop(2)_thumb.jpg, 206250₫,0,0,0,0,0,0,1,0
QUẦN TÂY M1QTY080004,https://storage.googleapis.com/cdn.nhanh.vn/store/7136/ps/20200910/d2t9-quantay-M1QTY080004-nam-totoshop(1)_thumb.jpg, 345000₫,1,0,0,1,0,0,0,0
QUẦN TÂY M1QTY080001,https://storage.googleapis.com/cdn.nhanh.vn/store/7136/ps/20200914/d2t9-quantay-M1QTY080001-nam-totoshop(1)_thumb.jpg, 345000₫,1,0,0,1,0,0,0,0
SHORT KAKI M1SKK080003,https://storage.googleapis.com/cdn.nhanh.vn/store/7136/ps/20200910/d2t9-quanshort-M1SKK080003-nam-totoshop(2)_thumb.jpg, 183750₫,1,0,0,0,0,0,0,0
SHORT KAKI M1SKK080002,https://storage.googleapis.com/cdn.nhanh.vn/store/7136/ps/20200910/d2t9-shortkaki-M1SKK080002-nam-totoshop(1)_thumb.jpg, 183750₫,1,0,0,0,0,0,0,0
QUẦN JEAN M1QJN080005,https://storage.googleapis.com/cdn.nhanh.vn/store/7136/ps/20200914/D2T9_M1QJN080005_QUANJEANNAM_TOTOSHOP(3)_thumb.jpg, 385000₫,1,0,1,0,0,0,0,0
ÁO SOMI M1SMD080003,https://storage.googleapis.com/cdn.nhanh.vn/store/7136/ps/20200922/D1T9_M1SMD080003_AOSOMINAM_TOTOSHOP_thumb.jpg, 213750₫,0,0,0,0,0,0,1,0
ÁO THUN U1ATN080003,https://storage.googleapis.com/cdn.nhanh.vn/store/7136/ps/20200912/d2t9-aothun-U1ATN080003-nam-nu-totoshop(1)_thumb.jpg, 280000₫,0,0,0,0,1,0,0,0
QUẦN JEAN M1QJN080004,https://storage.googleapis.com/cdn.nhanh.vn/store/7136/ps/20200914/d3t9-quanjean-M1QJN080004-nam-totoshop_thumb.jpg, 385000₫,1,0,1,0,0,0,0,0
QUẦN JEAN M1QJN080003,https://storage.googleapis.com/cdn.nhanh.vn/store/7136/ps/20200910/d2t9-quanjean-M1QJN080003-nam-totoshop(1)_thumb.jpg, 385000₫,1,0,1,0,0,0,0,0
QUẦN JEAN M1QJN080002,https://storage.googleapis.com/cdn.nhanh.vn/store/7136/ps/20200914/d3t9-quanjean-M1QJN080002-nam-totoshop_thumb.jpg, 385000₫,1,0,1,0,0,0,0,0
ÁO THUN U1ATN080002,https://storage.googleapis.com/cdn.nhanh.vn/store/7136/ps/20200818/D1T8-U1ATN080002-AOTHUN-NAM-NU-TOTOSHOP(1)_thumb.jpg, 280000₫,0,0,0,0,1,0,0,0
ÁO THUN U1ATN080001,https://storage.googleapis.com/cdn.nhanh.vn/store/7136/ps/20200826/D1T8-U1ATN080001-ÁOTHUN-NAM-NỮ-TOTOSHOP(4)_thumb.jpg, 165000₫,0,0,0,0,1,0,0,0
ÁO SOMI M1SMD080001,https://storage.googleapis.com/cdn.nhanh.vn/store/7136/ps/20200828/D1T8-M1SMD080001-ÁOSƠMI-NAM-TOTOSHOP(3)_thumb.jpg, 206250₫,0,0,0,0,0,0,1,0
QUẦN JEAN M1QJN070004,https://storage.googleapis.com/cdn.nhanh.vn/store/7136/ps/20200807/D1T8-M1QJN070004-QUÂNJEAN-NAM-TOTOSHOP(2)_thumb.jpg, 385000₫,1,0,1,0,0,0,0,0
QUẦN JEAN M1QJN070003,https://storage.googleapis.com/cdn.nhanh.vn/store/7136/ps/20200807/D1T8-M1QJN070003-QUÂNJEAN-NAM-TOTOSHOP(3)_thumb.jpg, 385000₫,1,0,1,0,0,0,0,0
QUẦN JEAN M1QJN070002,https://storage.googleapis.com/cdn.nhanh.vn/store/7136/ps/20200807/D1T8-M1QJN070002-QUÂNJEAN-NAM-TOTOSHOP(2)_thumb.jpg, 395000₫,1,0,1,0,0,0,0,0
QUẦN JOGGER M1QJG070001,https://storage.googleapis.com/cdn.nhanh.vn/store/7136/ps/20200720/d3t7-M1QJG070001-QUẦNJOGGER-NAM-TOTOSHOP(1)_thumb.jpg, 273750₫,1,1,0,0,0,0,0,0
QUẦN JEAN M1QJN070001,https://storage.googleapis.com/cdn.nhanh.vn/store/7136/ps/20200720/d3t7-M1QJN070001-QUANJEANNAM-TOTOSHOP(4)_thumb.jpg, 385000₫,1,0,1,0,0,0,0,0
ÁO THUN U1ATN060002,https://storage.googleapis.com/cdn.nhanh.vn/store/7136/ps/20200727/IMG_1338_thumb.jpg, 198750₫,0,0,0,0,1,0,0,0
ÁO SOMI M1SMD060002,https://storage.googleapis.com/cdn.nhanh.vn/store/7136/ps/20200803/d3t7-M1SMD060002-SƠMI-NAM-TOTOSHOP(14)_thumb.jpg, 236250₫,0,0,0,0,0,0,1,0
ÁO THUN M2ATN050003,https://storage.googleapis.com/cdn.nhanh.vn/store/7136/ps/20200811/M2ATN050003_thumb.jpg, 265000₫,0,0,0,0,1,0,0,0
ÁO THUN M2ATN050002,https://storage.googleapis.com/cdn.nhanh.vn/store/7136/ps/20200811/M2ATN050002_thumb.jpg, 265000₫,0,0,0,0,1,0,0,0
ÁO SOMI M1SMN050002,https://storage.googleapis.com/cdn.nhanh.vn/store/7136/ps/20200529/Cover_web_500x750px_250KB_thumb.jpg, 206250₫,0,0,0,0,0,0,1,0
ÁO SOMI M1SMD050002,https://storage.googleapis.com/cdn.nhanh.vn/store/7136/ps/20200529/d1t5-M1SMD050002-somi-totoshop(1)_thumb.jpg, 221250₫,0,0,0,0,0,0,1,0
ÁO SOMI M1SMD050001,https://storage.googleapis.com/cdn.nhanh.vn/store/7136/ps/20200529/d1t5-M1SMD050001-somi-totoshop(1)_thumb.jpg, 221250₫,0,0,0,0,0,0,1,0
ÁO THUN M2ATN050001,https://storage.googleapis.com/cdn.nhanh.vn/store/7136/ps/20200727/IMG_3380_thumb.jpg, 265000₫,0,0,0,0,1,0,0,0
ÁO SOMI M1SMN050001,https://storage.googleapis.com/cdn.nhanh.vn/store/7136/ps/20200529/D1T5-M1SMN050001-SO-MI-NAM-TOTOSHOP(1)_thumb.jpg, 206250₫,0,0,0,0,0,0,1,0
ÁO THUN M1ATB050001,https://storage.googleapis.com/cdn.nhanh.vn/store/7136/ps/20200529/d1t5-M1ATB050001-ao_thun-totoshop(2)_thumb.jpg, 118250₫,0,0,0,0,1,0,0,0
SHORT JEAN M2SJN050002,https://storage.googleapis.com/cdn.nhanh.vn/store/7136/ps/20200514/D1T4-M2SJN050002-SHORT-JEAN-TOTOSHOP(1)_thumb.jpg, 236250₫,1,0,0,0,0,0,0,0
ÁO SOMI M1SMN040001,https://storage.googleapis.com/cdn.nhanh.vn/store/7136/ps/20200529/d1t5-totoshop-somi(4)_thumb.jpg, 191250₫,0,0,0,0,0,0,1,0
ÁO THUN M2ATP040001,https://storage.googleapis.com/cdn.nhanh.vn/store/7136/ps/20200529/d1t5-M2ATP040001-ao_thun-totoshop(7)_thumb.jpg, 198750₫,0,0,0,0,1,0,0,0
ÁO THUN U1ATN040001,https://storage.googleapis.com/cdn.nhanh.vn/store/7136/ps/20200514/D1T4-U1ATN040001-AO-THUN-TOTOSHOP(3)_thumb.jpg, 235000₫,0,0,0,0,1,0,0,0
ÁO THUN U1ATD030002,https://storage.googleapis.com/cdn.nhanh.vn/store/7136/ps/20200409/d3t3-sweater-hoa-tiet-totoshop(1)_thumb.jpg, 162250₫,0,0,0,0,1,0,0,0
ÁO THUN U1ATD030001,https://storage.googleapis.com/cdn.nhanh.vn/store/7136/ps/20200324/T3D2SWEATER(1).jpg, 162250₫,0,0,0,0,1,0,0,0
SHORT JEAN M1SJN020001,https://storage.googleapis.com/cdn.nhanh.vn/store/7136/ps/20200305/8quanshortjeantron(2)_thumb.jpg, 213750₫,1,0,1,0,0,0,0,0
ÁO THUN U1ATD020002,https://storage.googleapis.com/cdn.nhanh.vn/store/7136/ps/20200218/4aosweatercp(1)_thumb.jpg, 156750₫,0,0,0,0,1,0,0,0
ÁO SOMI M1SMN020001,https://storage.googleapis.com/cdn.nhanh.vn/store/7136/ps/20200218/Cover_web_500x750px_250KB2.jpg, 191250₫,0,0,0,0,0,0,1,0
ÁO THUN U1ATD020001,https://storage.googleapis.com/cdn.nhanh.vn/store/7136/ps/20200218/2aosweatercouple(1)_thumb.jpg, 156750₫,0,0,0,0,1,0,0,0
ÁO THUN M2ATN010026,https://storage.googleapis.com/cdn.nhanh.vn/store/7136/ps/20200204/1tayngansoc(3)_thumb.jpg, 285000₫,0,0,0,0,1,0,0,0
ÁO THUN U1ATD010010,https://storage.googleapis.com/cdn.nhanh.vn/store/7136/ps/20200409/d3t3-sweater-totoshop(6)_thumb.jpg, 162250₫,0,0,0,0,1,0,0,0
ÁO THUN U1ATD010008,https://storage.googleapis.com/cdn.nhanh.vn/store/7136/ps/20200409/d3t3-ao-sweater-008-totoshop(1)_thumb.jpg, 156750₫,0,0,0,0,1,0,0,0
ÁO SOMI M1SMD010005,https://storage.googleapis.com/cdn.nhanh.vn/store/7136/ps/20200410/d3t3-so-mi-hoa-tiet-010005-totoshop(1).jpg, 156750₫,0,0,0,0,0,0,1,0
ÁO SOMI M2SMD010010,https://storage.googleapis.com/cdn.nhanh.vn/store/7136/ps/20210320/20002021110052_5L7A4659_thumb.jpg, 173250₫,0,0,0,0,0,0,1,0
ÁO SOMI M2SMD010009,https://storage.googleapis.com/cdn.nhanh.vn/store/7136/ps/20200411/D3T3-SOMI-VIEN-010009-TOTOSHOP(4).jpg, 173250₫,0,0,0,0,0,0,1,0
ÁO THUN U1ATD010003,https://storage.googleapis.com/cdn.nhanh.vn/store/7136/ps/20200204/7scouple(2).jpg, 156750₫,0,0,0,0,1,0,0,0
SHORT JEAN M2SJN010001,https://storage.googleapis.com/cdn.nhanh.vn/store/7136/ps/20200411/d3t3-short-jean-M2SJN010001-totoshop(2).jpg, 273750₫,1,0,0,0,0,0,0,0
QUẦN JEAN M2QJN010007,https://storage.googleapis.com/cdn.nhanh.vn/store/7136/ps/20200305/8quầnjeannam(2)_thumb.jpg, 289000₫,1,0,1,0,0,0,0,0
ÁO THUN U1ATD010001,https://storage.googleapis.com/cdn.nhanh.vn/store/7136/ps/20200117/1coupledai(2).jpg, 156750₫,0,0,0,0,1,0,0,0
SHORT THUN M1STH010002,https://storage.googleapis.com/cdn.nhanh.vn/store/7136/ps/20200117/6shortthun(1).jpg, 131250₫,1,0,0,0,0,0,0,0
SHORT THUN M1STH129001,https://storage.googleapis.com/cdn.nhanh.vn/store/7136/ps/20200117/9shortthun(1).jpg, 120000₫,1,0,0,0,0,0,0,0
QUẦN JEAN M1QJN129007,https://storage.googleapis.com/cdn.nhanh.vn/store/7136/ps/20200117/7jeanxanh(1).jpg, 288750₫,1,0,1,0,0,0,0,0
QUẦN JEAN M1QJN129005,https://storage.googleapis.com/cdn.nhanh.vn/store/7136/ps/20200117/8jeanxanhrach(1).jpg, 288750₫,1,0,1,0,0,0,0,0
ÁO THUN M1ATN129002,https://storage.googleapis.com/cdn.nhanh.vn/store/7136/ps/20200219/aoinhinhsaulung(2)_thumb.jpg, 168750₫,0,0,0,0,1,0,0,0
ÁO SOMI M1SMN129001,https://storage.googleapis.com/cdn.nhanh.vn/store/7136/ps/20200117/4somitron(1).jpg, 191250₫,0,0,0,0,0,0,1,0
ÁO SOMI M1SMD129001,https://storage.googleapis.com/cdn.nhanh.vn/store/7136/ps/20200219/3somichuhoatiet(1)_thumb.jpg, 206250₫,0,0,0,0,0,0,1,0
QUẦN TÂY M1QTY129032,https://storage.googleapis.com/cdn.nhanh.vn/store/7136/ps/20200117/3quankaki(1).jpg, 243750₫,1,0,0,1,0,0,0,0
ÁO THUN U1ATD129002,https://storage.googleapis.com/cdn.nhanh.vn/store/7136/ps/20200106/3aosweaterdoi(1)_thumb.jpg, 156750₫,0,0,0,0,1,0,0,0
ÁO THUN U1ATD129001,https://storage.googleapis.com/cdn.nhanh.vn/store/7136/ps/20200106/1sweaterdoi(1)_thumb.jpg, 145750₫,0,0,0,0,1,0,0,0
ÁO THUN M2ATD129002,https://storage.googleapis.com/cdn.nhanh.vn/store/7136/ps/20200107/2ssn(4)_thumb.jpg, 189750₫,0,0,0,0,1,0,0,0
ÁO THUN M1ATN119002,https://storage.googleapis.com/cdn.nhanh.vn/store/7136/ps/20200427/M1ATN119002_thumb.jpg, 123750₫,0,0,0,0,1,0,0,0
ÁO POLO M2ATP119001,https://storage.googleapis.com/cdn.nhanh.vn/store/7136/ps/20191212/1POLO(7).jpg, 151250₫,0,0,0,0,1,0,0,0
ÁO SƠMI M1SMD119002,https://storage.googleapis.com/cdn.nhanh.vn/store/7136/ps/20191127/8_flannel_shirt__6__thumb_350x525.jpg, 156750₫,0,0,0,0,0,0,1,0
THUN NAM M2ATD119009,https://storage.googleapis.com/cdn.nhanh.vn/store/7136/ps/20191212/4TTD(3).jpg, 140250₫,0,0,0,0,1,0,0,0
THUN NAM M2ATD119008,https://storage.googleapis.com/cdn.nhanh.vn/store/7136/ps/20191212/3TTD(2).jpg, 140250₫,0,0,0,0,1,0,0,0
THUN NAM M2ATD119006,https://storage.googleapis.com/cdn.nhanh.vn/store/7136/ps/20191212/5TTD(3).jpg, 140250₫,0,0,0,0,1,0,0,0
JEAN NAM QJB109002,https://storage.googleapis.com/cdn.nhanh.vn/store/7136/ps/20191104/11quanjeannam(1).jpg, 206250₫,1,0,1,0,0,0,0,0
QUẦN TÂY NAM KKB089010,https://storage.googleapis.com/cdn.nhanh.vn/store/7136/ps/20190906/quan_tay_nam_totoshop_2__2__thumb_350x525.jpg, 173250₫,1,0,0,1,0,0,0,0
QUẦN TÂY NAM KKB089009,https://storage.googleapis.com/cdn.nhanh.vn/store/7136/ps/20190906/quan-tay-nam-totoshop(1).jpg, 173250₫,1,0,0,1,0,0,0,0
JEAN NAM QJB079007,https://storage.googleapis.com/cdn.nhanh.vn/store/7136/ps/20211201/01122021011216_quan_jean_nam_rach___totoshop_2__2__thumb_350x525.jpg, 233750₫,1,0,1,0,0,0,0,0
JEAN NAM QJB069004,https://storage.googleapis.com/cdn.nhanh.vn/store/7136/ps/20190708/quan_jean_den_rach_goi_vuong___totoshop__2__thumb_350x525.jpg, 200750₫,1,0,1,0,0,0,0,0
JEAN NAM QJB069002,https://storage.googleapis.com/cdn.nhanh.vn/store/7136/ps/20190712/quan_jean_nam_25__6__thumb_350x525.jpg, 206250₫,1,0,1,0,0,0,0,0
SHORT NAM QSB059003NV,https://storage.googleapis.com/cdn.nhanh.vn/store/7136/ps/20190613/quan_short_nam_10__6__thumb_350x525.jpg, 156750₫,1,0,0,0,0,0,0,0
SHORT NAM QSB059003GN,https://storage.googleapis.com/cdn.nhanh.vn/store/7136/ps/20190613/quan_short_nam_reu_21__6__thumb_350x525.jpg, 156750₫,1,0,0,0,0,0,0,0
SHORT NAM QSB059002NV,https://storage.googleapis.com/cdn.nhanh.vn/store/7136/ps/20190613/quan_short_nam_den_22__6__thumb_350x525.jpg, 156750₫,1,0,0,0,0,0,0,0
SHORT NAM QSB059002YL,https://storage.googleapis.com/cdn.nhanh.vn/store/7136/ps/20190606/quan_short_nam_yellow_15_1__thumb_350x525.jpg, 156750₫,1,0,0,0,0,0,0,0
SƠMI SMB049015RD,https://storage.googleapis.com/cdn.nhanh.vn/store/7136/ps/20190515/ao_somi_nam_caro_rd__1__thumb_350x525.jpg, 245000₫,0,0,0,0,0,0,1,0
SƠMI SMB049015GN,https://storage.googleapis.com/cdn.nhanh.vn/store/7136/ps/20190515/ao_somi_nam_caro_yl_7__1__thumb_350x525.jpg, 245000₫,0,0,0,0,0,0,1,0
SƠMI NAM SMB049012BL,https://storage.googleapis.com/cdn.nhanh.vn/store/7136/ps/20190429/so_mi_hoa_tiet_nam_2__1__500x750_thumb_350x525.jpg, 320000₫,0,0,0,0,0,0,1,0
SOMI NAM SMB049001BL,https://storage.googleapis.com/cdn.nhanh.vn/store/7136/ps/20190416/somi_nam_27__1__500x750_thumb_350x525.jpg, 320000₫,0,0,0,0,0,0,1,0
SOMI SMB039028BL,https://storage.googleapis.com/cdn.nhanh.vn/store/7136/ps/20190409/somi_nam_7__1__500x750_thumb_350x525.jpg, 320000₫,0,0,0,0,0,0,1,0
SO MI NAM 088017BU,https://storage.googleapis.com/cdn.nhanh.vn/store/7136/ps/20190111/somi_nam_33__1__500x750_thumb_350x525.jpg, 265000₫,0,0,0,0,0,0,1,0
